{
  "GET - /public/crocodiles/1/-1" : {
    "transaction" : "GET - /public/crocodiles/1/-1",
    "sampleCount" : 15,
    "errorCount" : 0,
    "errorPct" : 0.0,
    "meanResTime" : 363.4,
    "medianResTime" : 178.0,
    "minResTime" : 164.0,
    "maxResTime" : 962.0,
    "pct1ResTime" : 878.0,
    "pct2ResTime" : 962.0,
    "pct3ResTime" : 962.0,
    "throughput" : 2.303793580095223,
    "receivedKBytesPerSec" : 0.6119451697127937,
    "sentKBytesPerSec" : 0.3082223832744586
  },
  "GET - /public/crocodiles/1/-0" : {
    "transaction" : "GET - /public/crocodiles/1/-0",
    "sampleCount" : 15,
    "errorCount" : 0,
    "errorPct" : 0.0,
    "meanResTime" : 214.73333333333335,
    "medianResTime" : 161.0,
    "minResTime" : 155.0,
    "maxResTime" : 336.0,
    "pct1ResTime" : 314.40000000000003,
    "pct2ResTime" : 336.0,
    "pct3ResTime" : 336.0,
    "throughput" : 2.244165170556553,
    "receivedKBytesPerSec" : 0.7911558853231597,
    "sentKBytesPerSec" : 0.30024475426391384
  },
  "Total" : {
    "transaction" : "Total",
    "sampleCount" : 90,
    "errorCount" : 0,
    "errorPct" : 0.0,
    "meanResTime" : 517.822222222222,
    "medianResTime" : 338.0,
    "minResTime" : 155.0,
    "maxResTime" : 1345.0,
    "pct1ResTime" : 1016.7,
    "pct2ResTime" : 1184.2500000000002,
    "pct3ResTime" : 1345.0,
    "throughput" : 13.138686131386862,
    "receivedKBytesPerSec" : 25.825729927007302,
    "sentKBytesPerSec" : 2.2650547445255476
  },
  "GET - /public/crocodiles/" : {
    "transaction" : "GET - /public/crocodiles/",
    "sampleCount" : 9,
    "errorCount" : 0,
    "errorPct" : 0.0,
    "meanResTime" : 973.5555555555555,
    "medianResTime" : 925.0,
    "minResTime" : 772.0,
    "maxResTime" : 1302.0,
    "pct1ResTime" : 1302.0,
    "pct2ResTime" : 1302.0,
    "pct3ResTime" : 1302.0,
    "throughput" : 5.692599620493358,
    "receivedKBytesPerSec" : 6.509798980075901,
    "sentKBytesPerSec" : 1.5009784155597723
  },
  "GET - test-api.k6.io" : {
    "transaction" : "GET - test-api.k6.io",
    "sampleCount" : 6,
    "errorCount" : 0,
    "errorPct" : 0.0,
    "meanResTime" : 978.6666666666666,
    "medianResTime" : 928.0,
    "minResTime" : 744.0,
    "maxResTime" : 1345.0,
    "pct1ResTime" : 1345.0,
    "pct2ResTime" : 1345.0,
    "pct3ResTime" : 1345.0,
    "throughput" : 3.9603960396039604,
    "receivedKBytesPerSec" : 45.47107054455446,
    "sentKBytesPerSec" : 0.9050123762376239
  },
  "GET - /public/crocodiles/1/" : {
    "transaction" : "GET - /public/crocodiles/1/",
    "sampleCount" : 15,
    "errorCount" : 0,
    "errorPct" : 0.0,
    "meanResTime" : 578.9333333333334,
    "medianResTime" : 339.0,
    "minResTime" : 323.0,
    "maxResTime" : 1301.0,
    "pct1ResTime" : 1189.4,
    "pct2ResTime" : 1301.0,
    "pct3ResTime" : 1301.0,
    "throughput" : 2.18978102189781,
    "receivedKBytesPerSec" : 1.353643932481752,
    "sentKBytesPerSec" : 0.5859375
  },
  "GET - test-api.k6.io-0" : {
    "transaction" : "GET - test-api.k6.io-0",
    "sampleCount" : 6,
    "errorCount" : 0,
    "errorPct" : 0.0,
    "meanResTime" : 301.16666666666663,
    "medianResTime" : 295.5,
    "minResTime" : 285.0,
    "maxResTime" : 338.0,
    "pct1ResTime" : 338.0,
    "pct2ResTime" : 338.0,
    "pct3ResTime" : 338.0,
    "throughput" : 5.681818181818182,
    "receivedKBytesPerSec" : 1.89208984375,
    "sentKBytesPerSec" : 0.6491921164772727
  },
  "GET - /public/crocodiles/-1" : {
    "transaction" : "GET - /public/crocodiles/-1",
    "sampleCount" : 9,
    "errorCount" : 0,
    "errorPct" : 0.0,
    "meanResTime" : 671.2222222222222,
    "medianResTime" : 635.0,
    "minResTime" : 465.0,
    "maxResTime" : 962.0,
    "pct1ResTime" : 962.0,
    "pct2ResTime" : 962.0,
    "pct3ResTime" : 962.0,
    "throughput" : 7.246376811594203,
    "receivedKBytesPerSec" : 5.746150362318841,
    "sentKBytesPerSec" : 0.9553328804347826
  },
  "GET - test-api.k6.io-1" : {
    "transaction" : "GET - test-api.k6.io-1",
    "sampleCount" : 6,
    "errorCount" : 0,
    "errorPct" : 0.0,
    "meanResTime" : 676.3333333333334,
    "medianResTime" : 629.0,
    "minResTime" : 458.0,
    "maxResTime" : 1005.0,
    "pct1ResTime" : 1005.0,
    "pct2ResTime" : 1005.0,
    "pct3ResTime" : 1005.0,
    "throughput" : 5.106382978723404,
    "receivedKBytesPerSec" : 56.9281914893617,
    "sentKBytesPerSec" : 0.5834441489361701
  },
  "GET - /public/crocodiles/-0" : {
    "transaction" : "GET - /public/crocodiles/-0",
    "sampleCount" : 9,
    "errorCount" : 0,
    "errorPct" : 0.0,
    "meanResTime" : 300.8888888888889,
    "medianResTime" : 295.0,
    "minResTime" : 289.0,
    "maxResTime" : 338.0,
    "pct1ResTime" : 338.0,
    "pct2ResTime" : 338.0,
    "pct3ResTime" : 338.0,
    "throughput" : 8.071748878923767,
    "receivedKBytesPerSec" : 2.8298416479820627,
    "sentKBytesPerSec" : 1.0641465807174888
  }
}