{
  "GET - /public/crocodiles/1/-1" : {
    "transaction" : "GET - /public/crocodiles/1/-1",
    "sampleCount" : 15,
    "errorCount" : 0,
    "errorPct" : 0.0,
    "meanResTime" : 686.9333333333333,
    "medianResTime" : 213.0,
    "minResTime" : 160.0,
    "maxResTime" : 1694.0,
    "pct1ResTime" : 1636.4,
    "pct2ResTime" : 1694.0,
    "pct3ResTime" : 1694.0,
    "throughput" : 2.045547524887495,
    "receivedKBytesPerSec" : 0.5433485612982408,
    "sentKBytesPerSec" : 0.27367188565389333
  },
  "GET - /public/crocodiles/1/-0" : {
    "transaction" : "GET - /public/crocodiles/1/-0",
    "sampleCount" : 15,
    "errorCount" : 0,
    "errorPct" : 0.0,
    "meanResTime" : 226.46666666666667,
    "medianResTime" : 160.0,
    "minResTime" : 157.0,
    "maxResTime" : 469.0,
    "pct1ResTime" : 393.40000000000003,
    "pct2ResTime" : 469.0,
    "pct3ResTime" : 469.0,
    "throughput" : 1.9638648860958365,
    "receivedKBytesPerSec" : 0.6923390858208955,
    "sentKBytesPerSec" : 0.2627436419874313
  },
  "Total" : {
    "transaction" : "Total",
    "sampleCount" : 90,
    "errorCount" : 17,
    "errorPct" : 18.88889,
    "meanResTime" : 901.244444444445,
    "medianResTime" : 469.0,
    "minResTime" : 157.0,
    "maxResTime" : 2468.0,
    "pct1ResTime" : 1934.9000000000008,
    "pct2ResTime" : 2068.65,
    "pct3ResTime" : 2468.0,
    "throughput" : 11.529592621060722,
    "receivedKBytesPerSec" : 22.662855495772483,
    "sentKBytesPerSec" : 1.9876537279016142
  },
  "GET - /public/crocodiles/" : {
    "transaction" : "GET - /public/crocodiles/",
    "sampleCount" : 9,
    "errorCount" : 7,
    "errorPct" : 77.77778,
    "meanResTime" : 1816.777777777778,
    "medianResTime" : 1723.0,
    "minResTime" : 1335.0,
    "maxResTime" : 2468.0,
    "pct1ResTime" : 2468.0,
    "pct2ResTime" : 2468.0,
    "pct3ResTime" : 2468.0,
    "throughput" : 3.646677471636953,
    "receivedKBytesPerSec" : 4.170175116491086,
    "sentKBytesPerSec" : 0.9615262864667747
  },
  "GET - test-api.k6.io" : {
    "transaction" : "GET - test-api.k6.io",
    "sampleCount" : 6,
    "errorCount" : 5,
    "errorPct" : 83.333336,
    "meanResTime" : 1751.8333333333333,
    "medianResTime" : 1765.5,
    "minResTime" : 1327.0,
    "maxResTime" : 2130.0,
    "pct1ResTime" : 2130.0,
    "pct2ResTime" : 2130.0,
    "pct3ResTime" : 2130.0,
    "throughput" : 2.797202797202797,
    "receivedKBytesPerSec" : 32.11593094405595,
    "sentKBytesPerSec" : 0.6392045454545454
  },
  "GET - /public/crocodiles/1/" : {
    "transaction" : "GET - /public/crocodiles/1/",
    "sampleCount" : 15,
    "errorCount" : 5,
    "errorPct" : 33.333332,
    "meanResTime" : 914.9333333333333,
    "medianResTime" : 370.0,
    "minResTime" : 322.0,
    "maxResTime" : 2167.0,
    "pct1ResTime" : 2035.6000000000001,
    "pct2ResTime" : 2167.0,
    "pct3ResTime" : 2167.0,
    "throughput" : 1.921598770176787,
    "receivedKBytesPerSec" : 1.1878633022674865,
    "sentKBytesPerSec" : 0.5141777959262106
  },
  "GET - test-api.k6.io-0" : {
    "transaction" : "GET - test-api.k6.io-0",
    "sampleCount" : 6,
    "errorCount" : 0,
    "errorPct" : 0.0,
    "meanResTime" : 340.0,
    "medianResTime" : 299.0,
    "minResTime" : 291.0,
    "maxResTime" : 469.0,
    "pct1ResTime" : 469.0,
    "pct2ResTime" : 469.0,
    "pct3ResTime" : 469.0,
    "throughput" : 5.819592628516004,
    "receivedKBytesPerSec" : 1.9379698108632397,
    "sentKBytesPerSec" : 0.6649339233753638
  },
  "GET - /public/crocodiles/-1" : {
    "transaction" : "GET - /public/crocodiles/-1",
    "sampleCount" : 9,
    "errorCount" : 0,
    "errorPct" : 0.0,
    "meanResTime" : 1472.5555555555557,
    "medianResTime" : 1428.0,
    "minResTime" : 1040.0,
    "maxResTime" : 1991.0,
    "pct1ResTime" : 1991.0,
    "pct2ResTime" : 1991.0,
    "pct3ResTime" : 1991.0,
    "throughput" : 4.511278195488722,
    "receivedKBytesPerSec" : 3.5773026315789473,
    "sentKBytesPerSec" : 0.5947485902255639
  },
  "GET - test-api.k6.io-1" : {
    "transaction" : "GET - test-api.k6.io-1",
    "sampleCount" : 6,
    "errorCount" : 0,
    "errorPct" : 0.0,
    "meanResTime" : 1409.8333333333335,
    "medianResTime" : 1470.5,
    "minResTime" : 1032.0,
    "maxResTime" : 1657.0,
    "pct1ResTime" : 1657.0,
    "pct2ResTime" : 1657.0,
    "pct3ResTime" : 1657.0,
    "throughput" : 3.5885167464114835,
    "receivedKBytesPerSec" : 40.006354665071775,
    "sentKBytesPerSec" : 0.4100160735645933
  },
  "GET - /public/crocodiles/-0" : {
    "transaction" : "GET - /public/crocodiles/-0",
    "sampleCount" : 9,
    "errorCount" : 0,
    "errorPct" : 0.0,
    "meanResTime" : 341.44444444444446,
    "medianResTime" : 300.0,
    "minResTime" : 291.0,
    "maxResTime" : 469.0,
    "pct1ResTime" : 469.0,
    "pct2ResTime" : 469.0,
    "pct3ResTime" : 469.0,
    "throughput" : 8.482563619227143,
    "receivedKBytesPerSec" : 2.9738675188501413,
    "sentKBytesPerSec" : 1.1183067271442035
  }
}