{
  "GET - /public/crocodiles/1/-1" : {
    "transaction" : "GET - /public/crocodiles/1/-1",
    "sampleCount" : 15,
    "errorCount" : 12,
    "errorPct" : 80.0,
    "meanResTime" : 1713.8666666666666,
    "medianResTime" : 1593.0,
    "minResTime" : 221.0,
    "maxResTime" : 5153.0,
    "pct1ResTime" : 3603.2000000000007,
    "pct2ResTime" : 5153.0,
    "pct3ResTime" : 5153.0,
    "throughput" : 0.8326856889086266,
    "receivedKBytesPerSec" : 0.24264981403352948,
    "sentKBytesPerSec" : 0.11140423767625181
  },
  "GET - /public/crocodiles/1/-0" : {
    "transaction" : "GET - /public/crocodiles/1/-0",
    "sampleCount" : 15,
    "errorCount" : 0,
    "errorPct" : 0.0,
    "meanResTime" : 245.20000000000002,
    "medianResTime" : 160.0,
    "minResTime" : 157.0,
    "maxResTime" : 611.0,
    "pct1ResTime" : 515.6,
    "pct2ResTime" : 611.0,
    "pct3ResTime" : 611.0,
    "throughput" : 0.8803850217161638,
    "receivedKBytesPerSec" : 0.31037011019485855,
    "sentKBytesPerSec" : 0.1177858866944477
  },
  "Total" : {
    "transaction" : "Total",
    "sampleCount" : 90,
    "errorCount" : 44,
    "errorPct" : 48.88889,
    "meanResTime" : 1613.1111111111109,
    "medianResTime" : 1083.0,
    "minResTime" : 157.0,
    "maxResTime" : 11322.0,
    "pct1ResTime" : 3130.000000000001,
    "pct2ResTime" : 5900.350000000004,
    "pct3ResTime" : 11322.0,
    "throughput" : 4.830399313009876,
    "receivedKBytesPerSec" : 9.111089120867325,
    "sentKBytesPerSec" : 0.8327407148990983
  },
  "GET - /public/crocodiles/" : {
    "transaction" : "GET - /public/crocodiles/",
    "sampleCount" : 9,
    "errorCount" : 9,
    "errorPct" : 100.0,
    "meanResTime" : 3889.777777777778,
    "medianResTime" : 2977.0,
    "minResTime" : 1213.0,
    "maxResTime" : 11322.0,
    "pct1ResTime" : 11322.0,
    "pct2ResTime" : 11322.0,
    "pct3ResTime" : 11322.0,
    "throughput" : 0.7577033170567435,
    "receivedKBytesPerSec" : 0.5330067930207105,
    "sentKBytesPerSec" : 0.19978505430207105
  },
  "GET - test-api.k6.io" : {
    "transaction" : "GET - test-api.k6.io",
    "sampleCount" : 6,
    "errorCount" : 2,
    "errorPct" : 33.333332,
    "meanResTime" : 1368.8333333333333,
    "medianResTime" : 1395.5,
    "minResTime" : 983.0,
    "maxResTime" : 1704.0,
    "pct1ResTime" : 1704.0,
    "pct2ResTime" : 1704.0,
    "pct3ResTime" : 1704.0,
    "throughput" : 3.4227039361095266,
    "receivedKBytesPerSec" : 39.29758806332003,
    "sentKBytesPerSec" : 0.7821413291500285
  },
  "GET - /public/crocodiles/1/" : {
    "transaction" : "GET - /public/crocodiles/1/",
    "sampleCount" : 15,
    "errorCount" : 13,
    "errorPct" : 86.666664,
    "meanResTime" : 1960.6666666666665,
    "medianResTime" : 1968.0,
    "minResTime" : 381.0,
    "maxResTime" : 5314.0,
    "pct1ResTime" : 3819.400000000001,
    "pct2ResTime" : 5314.0,
    "pct3ResTime" : 5314.0,
    "throughput" : 0.8051097632977297,
    "receivedKBytesPerSec" : 0.5184466581235575,
    "sentKBytesPerSec" : 0.2154297608824003
  },
  "GET - test-api.k6.io-0" : {
    "transaction" : "GET - test-api.k6.io-0",
    "sampleCount" : 6,
    "errorCount" : 0,
    "errorPct" : 0.0,
    "meanResTime" : 392.0,
    "medianResTime" : 323.0,
    "minResTime" : 285.0,
    "maxResTime" : 610.0,
    "pct1ResTime" : 610.0,
    "pct2ResTime" : 610.0,
    "pct3ResTime" : 610.0,
    "throughput" : 5.719733079122974,
    "receivedKBytesPerSec" : 1.9047158007626313,
    "sentKBytesPerSec" : 0.6535241897044805
  },
  "GET - /public/crocodiles/-1" : {
    "transaction" : "GET - /public/crocodiles/-1",
    "sampleCount" : 9,
    "errorCount" : 8,
    "errorPct" : 88.888885,
    "meanResTime" : 3495.8888888888887,
    "medianResTime" : 2691.0,
    "minResTime" : 927.0,
    "maxResTime" : 11030.0,
    "pct1ResTime" : 11030.0,
    "pct2ResTime" : 11030.0,
    "pct3ResTime" : 11030.0,
    "throughput" : 0.7992895204262878,
    "receivedKBytesPerSec" : 0.28204096358792186,
    "sentKBytesPerSec" : 0.10537508325932504
  },
  "GET - test-api.k6.io-1" : {
    "transaction" : "GET - test-api.k6.io-1",
    "sampleCount" : 6,
    "errorCount" : 0,
    "errorPct" : 0.0,
    "meanResTime" : 972.6666666666667,
    "medianResTime" : 1062.5,
    "minResTime" : 688.0,
    "maxResTime" : 1104.0,
    "pct1ResTime" : 1104.0,
    "pct2ResTime" : 1104.0,
    "pct3ResTime" : 1104.0,
    "throughput" : 5.286343612334802,
    "receivedKBytesPerSec" : 58.934471365638764,
    "sentKBytesPerSec" : 0.6040060572687225
  },
  "GET - /public/crocodiles/-0" : {
    "transaction" : "GET - /public/crocodiles/-0",
    "sampleCount" : 9,
    "errorCount" : 0,
    "errorPct" : 0.0,
    "meanResTime" : 390.22222222222223,
    "medianResTime" : 297.0,
    "minResTime" : 285.0,
    "maxResTime" : 611.0,
    "pct1ResTime" : 611.0,
    "pct2ResTime" : 611.0,
    "pct3ResTime" : 611.0,
    "throughput" : 8.387698042870456,
    "receivedKBytesPerSec" : 2.9406089818266543,
    "sentKBytesPerSec" : 1.1058000349487418
  }
}